{"WARNING": 0.438669131582596, "CRITICAL": 1.6819977763347198}