{"WARNING": 0.36632218745310674, "CRITICAL": 1.360080607654051}