{"WARNING": 0.35490635408661303, "CRITICAL": 1.4047962805289178}